-- phpMyAdmin SQL Dump
-- version 5.0.2
-- https://www.phpmyadmin.net/
--
-- Host: localhost
-- Generation Time: Feb 18, 2021 at 05:12 PM
-- Server version: 10.4.13-MariaDB
-- PHP Version: 7.2.32

SET SQL_MODE = "NO_AUTO_VALUE_ON_ZERO";
START TRANSACTION;
SET time_zone = "+00:00";


/*!40101 SET @OLD_CHARACTER_SET_CLIENT=@@CHARACTER_SET_CLIENT */;
/*!40101 SET @OLD_CHARACTER_SET_RESULTS=@@CHARACTER_SET_RESULTS */;
/*!40101 SET @OLD_COLLATION_CONNECTION=@@COLLATION_CONNECTION */;
/*!40101 SET NAMES utf8mb4 */;

--
-- Database: `mdrive2`
--

-- --------------------------------------------------------

--
-- Table structure for table `tbl_accept`
--

CREATE TABLE `tbl_accept` (
  `accept_id` int(11) NOT NULL,
  `order_id` int(11) NOT NULL,
  `user_id` varchar(255) NOT NULL,
  `status` varchar(20) NOT NULL,
  `note` text NOT NULL,
  `date_accept` datetime NOT NULL
) ENGINE=InnoDB DEFAULT CHARSET=utf8mb4;

--
-- Dumping data for table `tbl_accept`
--

INSERT INTO `tbl_accept` (`accept_id`, `order_id`, `user_id`, `status`, `note`, `date_accept`) VALUES
(13, 32, '6', 'confirm', 'okeyy', '2021-02-18 22:43:32'),
(14, 32, '6', 'delivery', '', '2021-02-18 22:43:44'),
(15, 32, '1', 'success', '', '2021-02-18 22:44:12'),
(16, 33, '6', 'confirm', 'ได้จ้าาาาาา', '2021-02-18 23:02:32'),
(17, 35, '6', 'confirm', 'ได้จ้าาาาา', '2021-02-18 23:04:55'),
(18, 36, '6', 'confirm', 'จัดไป', '2021-02-18 23:06:57'),
(19, 36, '6', 'delivery', '', '2021-02-18 23:07:05'),
(20, 35, '3', 'delivery', '', '2021-02-18 23:09:41'),
(21, 37, '3', 'confirm', 'ได้ แอดมินทำให้ละ', '2021-02-18 23:11:49'),
(22, 37, '3', 'delivery', '', '2021-02-18 23:12:06');

-- --------------------------------------------------------

--
-- Table structure for table `tbl_branch`
--

CREATE TABLE `tbl_branch` (
  `id` int(11) NOT NULL,
  `zone_id` varchar(255) NOT NULL,
  `branch_name` varchar(255) NOT NULL
) ENGINE=InnoDB DEFAULT CHARSET=utf8mb4;

--
-- Dumping data for table `tbl_branch`
--

INSERT INTO `tbl_branch` (`id`, `zone_id`, `branch_name`) VALUES
(1, '1', 'สาขาบางปะแก้ว (สาขาใหญ่)'),
(2, '1', 'สาขาสุขสวัสดิ์'),
(3, '1', 'สาขาดาวคะนอง'),
(4, '2', 'สาขาบางแค (สาขาใหญ่)'),
(5, '2', 'สาขาบางแวก 116'),
(6, '2', 'สาขาสวนผัก'),
(9, '2', 'สาขาหมู่บ้านเศรษฐกิจ'),
(10, '3', 'สาขาตากสิน (สาขาใหญ่)'),
(11, '3', 'สาขาสำเหร่'),
(12, '3', 'สาขาสี่แยกบ้านแขก'),
(13, '4', 'สาขาท่าเกษตร (สาขาใหญ่)'),
(14, '4', 'สาขาบางบอน'),
(15, '4', 'สาขาหมู่บ้านดีเค'),
(16, '4', 'สาขาเรียบคลองภาษีเจริญ (ฝั่งเหนือ)'),
(17, '5', 'สาขาวุฒกาศ (สาขาใหญ่)'),
(18, '5', 'สาขาจอมทอง 3/1'),
(19, '5', 'จอมทอง 19'),
(20, '5', 'สาขาเอกชัย สาขาเอกชัย '),
(21, '6', 'สาขาพระราม 2 (สาขาใหญ่)'),
(22, '6', 'สาขาท่าข้าม'),
(23, '6', 'สาขาพันท้าย'),
(24, '6', 'สาขาเบญทรัพย์ '),
(25, '7', 'สาขานำชัย (สาขาใหญ่)'),
(26, '7', 'สาขาราม2'),
(27, '7', 'สาขาอ่อนนุช 52'),
(28, '7', 'สาขาอุดมสุข'),
(29, '7', 'สาขาพัฒนาการ'),
(30, '7', 'สาขากิ่งแก้ว 39'),
(31, '8', 'สาขานิคมลาดกระบัง (สาขาใหญ่)'),
(32, '8', 'สาขาพระยาสุเรนทร์'),
(33, '8', 'สาขาเลียบวารี'),
(34, '8', 'สาขาหนองจอก'),
(35, '8', 'สาขาคลองอุดม'),
(36, '9', 'สาขาบางแวก 38 (สาขาใหญ่)'),
(37, '9', 'สาขาจรัญ 35 '),
(38, '9', 'สาขาอิสรภาพ'),
(39, '9', 'สาขาพระราม 5');

-- --------------------------------------------------------

--
-- Table structure for table `tbl_employee`
--

CREATE TABLE `tbl_employee` (
  `id` int(11) NOT NULL,
  `name` varchar(100) NOT NULL,
  `surname` varchar(100) NOT NULL,
  `phone` varchar(10) NOT NULL,
  `position` varchar(20) NOT NULL COMMENT 'admin,staff,sale',
  `branch` int(11) NOT NULL,
  `email` varchar(255) NOT NULL,
  `username` varchar(50) NOT NULL,
  `password` varchar(255) NOT NULL
) ENGINE=InnoDB DEFAULT CHARSET=utf8mb4;

--
-- Dumping data for table `tbl_employee`
--

INSERT INTO `tbl_employee` (`id`, `name`, `surname`, `phone`, `position`, `branch`, `email`, `username`, `password`) VALUES
(1, 'ลูกแก้ว', 'ขุนทอง', '0983777738', 'staff', 1, 'staff1@gmail.com', 'staff', '1111'),
(2, 'ประสงชัย', 'จันทร์มา', '0983777733', 'sale', 1, 'sale1@gmail.com', 'sale', '1234'),
(3, 'อนิรุทธิ์', 'ปลอดโปร่ง', '0988888888', 'admin', 4, '16plodprong@gmail.com', 'admin', '1234'),
(6, 'อนิรุทธิ์', 'ปลอดโปร่ง', '0092450918', 'sale', 4, 'anirutplodprong@gmail.com', 'anirut', '12345'),
(7, 'วิลาสินี', 'ฉลาดรรัก', '0922176540', 'staff', 4, 'asd@gmail.com', 'Jane', '123456'),
(8, 'ณัฐภาส', 'ประทุมสุวรรณ', '0938874475', 'sale', 10, 'asdawd@email.kmutnb.ac.th', 'Natt', '12345'),
(10, 'vobi', 'aasw', '0922477788', 'staff', 5, 'aniruyyy@gmail.com', 'aaaa', '123456'),
(11, 'test', 'tset', '4444', 'staff', 9, 'ff@gmail.com', 'admin@gmail.com', '1234');

-- --------------------------------------------------------

--
-- Table structure for table `tbl_log`
--

CREATE TABLE `tbl_log` (
  `id` int(11) NOT NULL,
  `user_id` varchar(255) NOT NULL,
  `date_time` datetime NOT NULL
) ENGINE=InnoDB DEFAULT CHARSET=utf8mb4;

--
-- Dumping data for table `tbl_log`
--

INSERT INTO `tbl_log` (`id`, `user_id`, `date_time`) VALUES
(7, '3', '2020-09-17 23:18:36'),
(8, '1', '2020-09-17 23:18:54'),
(9, '3', '2020-09-17 23:18:54'),
(10, '1', '2020-09-17 23:19:03'),
(11, '3', '2020-09-17 23:19:03'),
(12, '1', '2020-09-17 23:35:42'),
(14, '2', '2020-09-17 23:39:00'),
(16, '1', '2020-09-17 23:44:09'),
(17, '1', '2020-09-17 23:45:53'),
(18, '2', '2020-09-17 23:57:36'),
(19, '2', '2020-09-18 00:00:20'),
(20, '3', '2020-09-18 00:37:09'),
(21, '2', '2020-09-18 00:44:35'),
(22, '3', '2020-09-18 01:13:06'),
(23, '1', '2020-09-18 01:38:27'),
(24, '2', '2020-09-18 01:50:32'),
(25, '1', '2020-09-18 01:51:42'),
(26, '2', '2020-09-18 02:00:56'),
(28, '3', '2020-09-18 11:01:04'),
(29, '1', '2020-09-18 11:04:05'),
(30, '2', '2020-09-18 11:04:27'),
(31, '3', '2020-09-18 15:03:51'),
(32, '3', '2020-09-24 22:21:31'),
(33, '3', '2020-09-24 22:26:59'),
(34, '3', '2020-09-24 23:03:47'),
(35, '7', '2020-09-26 18:24:27'),
(36, '3', '2020-09-26 18:26:27'),
(37, '6', '2020-09-26 18:31:05'),
(38, '3', '2020-09-26 18:32:19'),
(39, '1', '2020-09-26 18:34:48'),
(40, '3', '2020-09-26 18:39:31'),
(41, '3', '2020-09-26 18:42:46'),
(42, '3', '2020-09-26 18:44:19'),
(43, '6', '2020-09-26 18:50:37'),
(44, '3', '2020-09-26 18:51:18'),
(45, '3', '2020-09-28 13:15:42'),
(46, '3', '2020-09-28 13:28:21'),
(49, '3', '2020-09-28 14:22:34'),
(50, '3', '2020-09-28 14:36:13'),
(51, '3', '2020-10-01 21:45:51'),
(52, '3', '2020-10-03 12:43:39'),
(53, '3', '2020-10-03 21:07:26'),
(54, '3', '2020-10-03 22:53:18'),
(56, '3', '2020-10-04 20:47:16'),
(57, '6', '2020-10-05 00:39:23'),
(58, '3', '2020-10-05 01:33:47'),
(59, '8', '2020-10-05 01:34:11'),
(60, '3', '2020-10-05 01:51:20'),
(61, '3', '2020-10-05 10:06:51'),
(62, '3', '2020-10-05 10:19:24'),
(63, '3', '2020-10-05 10:19:24'),
(64, '3', '2020-10-05 11:16:57'),
(65, '3', '2020-10-06 13:05:34'),
(66, '3', '2020-10-06 14:46:24'),
(67, '3', '2020-10-11 14:59:35'),
(68, '3', '2020-10-11 19:22:53'),
(69, '3', '2020-10-12 11:57:55'),
(70, '9', '2020-10-12 12:10:34'),
(71, '7', '2020-10-12 12:19:05'),
(72, '3', '2020-10-13 12:24:04'),
(73, '3', '2020-10-13 18:57:00'),
(74, '3', '2020-10-19 10:38:52'),
(75, '2', '2020-10-19 11:17:01'),
(76, '1', '2020-10-19 11:23:40'),
(77, '2', '2020-10-19 11:25:46'),
(78, '3', '2020-10-19 11:27:52'),
(79, '3', '2020-10-19 12:39:19'),
(80, '3', '2020-10-19 12:40:08'),
(81, '3', '2020-10-19 13:16:08'),
(82, '3', '2020-10-22 22:02:08'),
(83, '6', '2020-10-22 22:59:35'),
(84, '3', '2020-10-22 23:37:26'),
(85, '6', '2020-10-22 23:49:10'),
(86, '3', '2020-10-22 23:49:20'),
(87, '7', '2020-10-28 19:37:44'),
(88, '7', '2020-10-28 19:37:44'),
(89, '3', '2020-10-28 19:41:12'),
(90, '7', '2020-10-28 19:51:06'),
(91, '8', '2020-10-28 19:51:33'),
(92, '6', '2020-10-28 19:52:03'),
(93, '3', '2020-10-28 20:03:03'),
(94, '7', '2020-10-28 20:19:52'),
(95, '3', '2020-10-28 20:22:18'),
(96, '3', '2020-10-28 22:25:45'),
(97, '3', '2020-10-28 23:03:14'),
(98, '3', '2020-10-29 19:36:35'),
(99, '7', '2020-11-06 20:38:47'),
(100, '3', '2020-11-06 20:41:03'),
(101, '7', '2020-11-06 21:33:02'),
(102, '3', '2020-11-06 21:36:42'),
(103, '3', '2020-11-07 01:55:44'),
(104, '3', '2020-11-07 22:11:32'),
(105, '3', '2020-11-07 22:11:33'),
(106, '7', '2020-11-07 22:13:27'),
(107, '3', '2020-11-08 00:31:55'),
(108, '3', '2020-11-08 11:58:39'),
(109, '3', '2020-11-10 00:18:49'),
(110, '3', '2020-11-10 21:35:24'),
(111, '7', '2020-11-11 03:26:33'),
(112, '3', '2020-11-11 11:18:36'),
(113, '7', '2020-11-11 11:20:22'),
(114, '3', '2020-11-11 11:22:13'),
(115, '7', '2020-11-11 11:25:26'),
(116, '3', '2020-11-11 11:48:45'),
(117, '3', '2020-11-11 19:04:46'),
(118, '7', '2020-11-11 19:11:16'),
(119, '8', '2020-11-11 19:13:00'),
(120, '7', '2020-11-11 19:18:02'),
(121, '3', '2020-11-11 19:28:28'),
(122, '7', '2020-11-11 19:28:53'),
(123, '2', '2020-11-11 19:34:41'),
(124, '3', '2020-11-12 08:46:42'),
(125, '3', '2020-11-12 09:41:34'),
(126, '3', '2020-11-12 10:14:57'),
(127, '7', '2020-11-19 00:37:10'),
(128, '8', '2020-11-19 00:38:27'),
(129, '1', '2020-11-19 00:39:11'),
(130, '3', '2020-11-19 15:02:26'),
(131, '3', '2020-11-19 20:52:53'),
(132, '7', '2021-01-27 13:50:02'),
(133, '3', '2021-01-27 13:50:32'),
(134, '7', '2021-01-27 14:12:01'),
(135, '7', '2021-02-08 11:13:32'),
(136, '3', '2021-02-16 15:28:56'),
(137, '3', '2021-02-16 16:02:59'),
(138, '3', '2021-02-16 20:38:04'),
(139, '1', '2021-02-16 21:17:22'),
(140, '3', '2021-02-16 21:29:36'),
(141, '1', '2021-02-16 22:09:44'),
(142, '3', '2021-02-16 22:10:11'),
(143, '7', '2021-02-16 22:14:02'),
(144, '3', '2021-02-18 06:07:20'),
(145, '1', '2021-02-18 21:23:38'),
(146, '6', '2021-02-18 21:35:22'),
(147, '3', '2021-02-18 23:09:22');

-- --------------------------------------------------------

--
-- Table structure for table `tbl_motorcycle`
--

CREATE TABLE `tbl_motorcycle` (
  `id` int(11) NOT NULL,
  `type` varchar(20) NOT NULL,
  `brand` varchar(20) NOT NULL COMMENT 'honda,yamaha',
  `name` varchar(255) NOT NULL COMMENT 'ชื่อรุ่น',
  `code` varchar(255) NOT NULL,
  `branch_id` varchar(255) NOT NULL
) ENGINE=InnoDB DEFAULT CHARSET=utf8mb4;

--
-- Dumping data for table `tbl_motorcycle`
--

INSERT INTO `tbl_motorcycle` (`id`, `type`, `brand`, `name`, `code`, `branch_id`) VALUES
(13, 'Family', 'HONDA', 'เวฟ110 (ล้อแม็ก ดิสเบรค สตาร์ทมือ)', 'AFS110MCFK TH', '1'),
(14, 'Family', 'HONDA', 'เวฟ110 (ล้อแม็ก ดิสเบรค สตาร์ทมือ)', 'AFS110MCFK TH', '2'),
(15, 'Family', 'HONDA', 'เวฟ110 (ดรัมเบรค สตาร์ทเท้า)ลายใหม่', 'AFS110KDFL 2TH', '1'),
(16, 'Sport', 'YAMAHA', 'R15 สตาร์ทมือ ล้อแม็ก ดิสก์เบรค ใหม่', 'B9B700', '2'),
(17, 'Sport', 'YAMAHA', 'R15 สตาร์ทมือ ล้อแม็ก ดิสก์เบรค ใหม่', 'B9B700', '1'),
(19, 'Automatic', 'HONDA', 'Zoomer-X (ล้อแม็ก คอมบายเบรก Idling Stop)', 'ACG110CBTJ TH', '4'),
(21, 'Automatic', 'HONDA', 'Zoomer-X (ล้อแม็ก คอมบายเบรก Idling Stop)', 'NBC110MDFK TH', '4'),
(22, 'Family', 'HONDA', 'เวฟ125ไอ ล้อซี่ลวด สตาร์ทมือ ดิสก์เบรกหน้า', 'AFS125MSFK TH', '10'),
(23, 'Automatic', 'HONDA', 'PCX 150()', 'WW150L TH', '10'),
(24, 'Automatic', 'HONDA', 'PCX 150 (ล้อแม็ก คอมบายเบรก Idling Stop)', 'WW150L TH', '10'),
(27, 'Automatic', 'HONDA', 'Scoopy I Urban Team (ล้อซี่ลวด คอมบายเบรก Idling Stop)', 'ACF110BTJ TH', '3'),
(28, 'Automatic', 'HONDA', 'CLICK125i (ล้อซี่ลวด คอมบายเบรก Idling Stop)ลายใหม่', 'ACB125BTL TH', '3'),
(29, 'Automatic', 'HONDA', 'MSX125SF (สตาร์ทมือ ดิสก์เบรก ล้อแม็ก)', 'MSX125J TH', '3'),
(30, 'Automatic', 'YAMAHA', 'NMAX สตาร์ทมือ ล้อแม็ก ดิสก์เบรคABS ใหม่', '2DPE00', '19'),
(31, 'Sport', 'YAMAHA', 'R15 สตาร์ทมือ ล้อแม็ก ดิสก์เบรค ใหม่', 'B9B700', '19'),
(32, 'Sport', 'YAMAHA', 'R15 สตาร์ทมือ ล้อแม็ก ดิสก์เบรค ใหม่', 'B9B700', '4'),
(33, 'Automatic', 'HONDA', 'เวฟ110 (ล้อแม็ก ดิสเบรค สตาร์ทมือ)', 'AFS110MCFK TH', '5'),
(34, 'Family', 'HONDA', 'เวฟ110 (ล้อแม็ก ดิสเบรค สตาร์ทมือ)', 'AFS110MCFK TH', '29'),
(35, 'Family', 'HONDA', 'เวฟ110 (ล้อแม็ก ดิสเบรค สตาร์ทมือ)', 'AFS110MCFK TH', '6'),
(39, 'Family', 'HONDA', 'CLICK125i (ล้อซี่ลวด คอมบายเบรก Idling Stop)ลายใหม่', 'WW150L TH', '32'),
(40, 'Sport', 'HONDA', 'MSX125SF (สตาร์ทมือ ดิสก์เบรก ล้อแม็ก)', 'MSX125J TH', '4'),
(41, 'Sport', 'HONDA', 'MSX125SF (สตาร์ทมือ ดิสก์เบรก ล้อแม็ก)', 'MSX125J TH', '10'),
(42, 'Automatic', 'HONDA', 'Zoomer-X (ล้อแม็ก คอมบายเบรก Idling Stop)', 'ACG110CBTJ TH', '11'),
(43, 'Automatic', 'HONDA', 'Zoomer-X (ล้อแม็ก คอมบายเบรก Idling Stop)', 'ACG110CBTJ TH', '1'),
(44, 'Family', 'HONDA', 'Zoomer-X (ล้อแม็ก คอมบายเบรก Idling Stop)', 'AFS110MCFK ', '3');

-- --------------------------------------------------------

--
-- Table structure for table `tbl_motorcycle_color`
--

CREATE TABLE `tbl_motorcycle_color` (
  `id` int(11) NOT NULL,
  `motor_id` varchar(255) NOT NULL,
  `color_id` int(11) NOT NULL COMMENT '1-6',
  `color` varchar(255) NOT NULL,
  `unit` int(11) NOT NULL
) ENGINE=InnoDB DEFAULT CHARSET=utf8mb4;

--
-- Dumping data for table `tbl_motorcycle_color`
--

INSERT INTO `tbl_motorcycle_color` (`id`, `motor_id`, `color_id`, `color`, `unit`) VALUES
(49, '13', 1, 'B-G ดำ-เทา', 71),
(50, '13', 2, 'RED แดง', 86),
(51, '13', 3, 'BUE น้ำเงิน-ฟ้า', 50),
(52, '13', 4, '', 0),
(53, '13', 5, '', 0),
(54, '13', 6, '', 0),
(55, '14', 1, 'R-S แดง-เทา', 100),
(56, '14', 2, 'B-G ดำ-เทา', 30),
(57, '14', 3, 'RED แดง', 15),
(58, '14', 4, 'BUE น้ำเงิน-ฟ้า', 39),
(59, '14', 5, '', 0),
(60, '14', 6, '', 0),
(61, '15', 1, 'R-B แดง-ดำ', 100),
(62, '15', 2, 'B-S ดำ-เทา', 100),
(63, '15', 3, '', 0),
(64, '15', 4, '', 0),
(65, '15', 5, '', 0),
(66, '15', 6, '', 0),
(67, '16', 1, 'น้ำเงิน-ดำ', 100),
(68, '16', 2, 'ดำ', 100),
(69, '16', 3, 'เทา-เหลือง', 100),
(70, '16', 4, '', 0),
(71, '16', 5, '', 0),
(72, '16', 6, '', 0),
(73, '17', 1, 'BLK  ดำ', 500),
(74, '17', 2, 'B-G  ดำ-เทา', 100),
(75, '17', 3, 'BUB   น้ำเงิน-ดำ', 101),
(76, '17', 4, '', 0),
(77, '17', 5, '', 0),
(78, '17', 6, '', 0),
(85, '19', 1, 'W-B    ขาว-ดำ', 9),
(86, '19', 2, 'B-R  ดำ-แดง', 6),
(87, '19', 3, '', 8),
(88, '19', 4, '', 0),
(89, '19', 5, '', 0),
(90, '19', 6, '', 0),
(97, '21', 1, 'BUR   น้ำเงิน-แดง', 5),
(98, '21', 2, 'BUS   น้ำเงิน-เทา', 2),
(99, '21', 3, '', 0),
(100, '21', 4, '', 0),
(101, '21', 5, '', 0),
(102, '21', 6, '', 0),
(103, '22', 1, 'R-B   แดง-ดำ', 10),
(104, '22', 2, 'BLK  ดำ', 5),
(105, '22', 3, 'BUB   น้ำเงิน-ดำ', 2),
(106, '22', 4, '', 0),
(107, '22', 5, '', 0),
(108, '22', 6, '', 0),
(109, '23', 1, 'S-B    เทา-ดำ', 4),
(110, '23', 2, 'R-B   แดง-ดำ', 2),
(111, '23', 3, '', 0),
(112, '23', 4, '', 0),
(113, '23', 5, '', 0),
(114, '23', 6, '', 0),
(115, '24', 1, 'W-R   ขาว-แดง', 10),
(116, '24', 2, '', 0),
(117, '24', 3, '', 0),
(118, '24', 4, '', 0),
(119, '24', 5, '', 0),
(120, '24', 6, '', 0),
(133, '27', 1, 'EBU   ฟ้า-น้ำเงิน', 19),
(134, '27', 2, '', 0),
(135, '27', 3, '', 0),
(136, '27', 4, '', 0),
(137, '27', 5, '', 0),
(138, '27', 6, '', 0),
(139, '28', 1, 'BUB   น้ำเงิน-ดำ', 5),
(140, '28', 2, 'Y-B   เหลืองดำ', 7),
(141, '28', 3, '', 0),
(142, '28', 4, '', 0),
(143, '28', 5, '', 0),
(144, '28', 6, '', 0),
(145, '29', 1, 'BUB   น้ำเงิน-ดำ', 10),
(146, '29', 2, 'GNB  เขียว-ดำ', 3),
(147, '29', 3, 'R-B   แดง-ดำ', 2),
(148, '29', 4, '', 0),
(149, '29', 5, '', 0),
(150, '29', 6, '', 0),
(151, '30', 1, 'WHT   ขาว', 5),
(152, '30', 2, 'BUE   น้ำเงิน', 1),
(153, '30', 3, '', 0),
(154, '30', 4, '', 0),
(155, '30', 5, '', 0),
(156, '30', 6, '', 0),
(157, '31', 1, 'BUE   น้ำเงิน', 3),
(158, '31', 2, 'BUB   น้ำเงิน-ดำ', 1),
(159, '31', 3, '', 0),
(160, '31', 4, '', 0),
(161, '31', 5, '', 0),
(162, '31', 6, '', 0),
(163, '32', 1, 'BLK  ดำ', 1),
(164, '32', 2, 'BUB   น้ำเงิน-ดำ', 100),
(165, '32', 3, '', 0),
(166, '32', 4, '', 0),
(167, '32', 5, '', 0),
(168, '32', 6, '', 0),
(169, '33', 1, 'RED   แดง', 5),
(170, '33', 2, 'BUE   น้ำเงิน', 2),
(171, '33', 3, '', 0),
(172, '33', 4, '', 0),
(173, '33', 5, '', 0),
(174, '33', 6, '', 0),
(175, '34', 1, '', 0),
(176, '34', 2, '', 0),
(177, '34', 3, '', 0),
(178, '34', 4, '', 0),
(179, '34', 5, '', 0),
(180, '34', 6, '', 0),
(181, '35', 1, 'B-G  ดำ-เทา', 8),
(182, '35', 2, '', 0),
(183, '35', 3, '', 0),
(184, '35', 4, '', 0),
(185, '35', 5, '', 0),
(186, '35', 6, '', 0),
(205, '39', 1, 'BLK  ดำ', 5),
(206, '39', 2, '', 0),
(207, '39', 3, '', 0),
(208, '39', 4, '', 0),
(209, '39', 5, '', 0),
(210, '39', 6, '', 0),
(211, '40', 1, 'R-B   แดง-ดำ', 8),
(212, '40', 2, 'BLK  ดำ', 11),
(213, '40', 3, 'R-W  แดง-ขาว', 4),
(214, '40', 4, '', 0),
(215, '40', 5, '', 0),
(216, '40', 6, '', 0),
(217, '41', 1, 'R-B   แดง-ดำ', 3),
(218, '41', 2, '', 0),
(219, '41', 3, '', 0),
(220, '41', 4, '', 0),
(221, '41', 5, '', 0),
(222, '41', 6, '', 0),
(223, '42', 1, 'R-B   แดง-ดำ', 4),
(224, '42', 2, 'W-B    ขาว-ดำ', 2),
(225, '42', 3, 'B-R  ดำ-แดง', 3),
(226, '42', 4, '', 0),
(227, '42', 5, '', 0),
(228, '42', 6, '', 0),
(229, '43', 1, 'B-R  ดำ-แดง', 0),
(230, '43', 2, 'R-B   แดง-ดำ', 1),
(231, '43', 3, 'W-R   ขาว-แดง', 1),
(232, '43', 4, '', 0),
(233, '43', 5, '', 0),
(234, '43', 6, '', 0),
(235, '44', 1, 'B-S  ดำ-เทา', 5),
(236, '44', 2, '', 0),
(237, '44', 3, '', 0),
(238, '44', 4, '', 0),
(239, '44', 5, '', 0),
(240, '44', 6, '', 0);

-- --------------------------------------------------------

--
-- Table structure for table `tbl_order`
--

CREATE TABLE `tbl_order` (
  `id` int(11) NOT NULL,
  `branch_order` varchar(100) NOT NULL COMMENT 'รหัสสาขาสั่งจอง',
  `branch_delivery` varchar(100) NOT NULL COMMENT 'รหัาสาขาจัดส่ง',
  `motor_id` varchar(255) NOT NULL,
  `brand` varchar(100) NOT NULL,
  `code` varchar(255) NOT NULL,
  `color_id` varchar(255) NOT NULL,
  `unit` int(11) NOT NULL,
  `status` varchar(255) NOT NULL COMMENT 'wait_confirm,confirm,delivery,success,failed',
  `date_order` datetime NOT NULL,
  `note` text NOT NULL,
  `user_id` varchar(255) NOT NULL
) ENGINE=InnoDB DEFAULT CHARSET=utf8mb4;

--
-- Dumping data for table `tbl_order`
--

INSERT INTO `tbl_order` (`id`, `branch_order`, `branch_delivery`, `motor_id`, `brand`, `code`, `color_id`, `unit`, `status`, `date_order`, `note`, `user_id`) VALUES
(32, '1', '4', '32', 'YAMAHA', 'B9B700', '164', 1, 'success', '2021-02-18 00:00:00', 'okeyy', '1'),
(33, '1', '4', '32', 'YAMAHA', 'B9B700', '164', 2, 'confirm', '2021-02-18 00:00:00', '', '1'),
(34, '1', '4', '32', 'YAMAHA', 'B9B700', '164', 2, 'wait_confirm', '2021-02-18 00:00:00', '', '1'),
(35, '1', '4', '32', 'YAMAHA', 'B9B700', '164', 2, 'delivery', '2021-02-18 00:00:00', 'ขอด่วนที่สุดนะครับ', '1'),
(36, '1', '4', '32', 'YAMAHA', 'B9B700', '164', 5, 'delivery', '2021-02-18 00:00:00', 'ขอด่วนมากกกกกก', '1'),
(37, '4', '1', '17', 'YAMAHA', 'B9B700', '75', 11, 'delivery', '2021-02-18 00:00:00', 'ด่วนนะ ครั้งนี้', '6');

-- --------------------------------------------------------

--
-- Table structure for table `tbl_zone`
--

CREATE TABLE `tbl_zone` (
  `id` int(11) NOT NULL,
  `zone_name` varchar(100) NOT NULL
) ENGINE=InnoDB DEFAULT CHARSET=utf8mb4;

--
-- Dumping data for table `tbl_zone`
--

INSERT INTO `tbl_zone` (`id`, `zone_name`) VALUES
(1, 'โซนพระประแดง'),
(2, 'โซนบางแค'),
(3, 'โซนวงเวียนใหญ่'),
(4, 'โซนกาญจนาภิเษก'),
(5, 'โซนจอมทอง'),
(6, 'โซนพระราม 2'),
(7, 'โซนสุวรรณภูมิ'),
(8, 'โซนนิคมลาดกระบัง'),
(9, 'โซนจรัญสนิทวงศ์');

--
-- Indexes for dumped tables
--

--
-- Indexes for table `tbl_accept`
--
ALTER TABLE `tbl_accept`
  ADD PRIMARY KEY (`accept_id`);

--
-- Indexes for table `tbl_branch`
--
ALTER TABLE `tbl_branch`
  ADD PRIMARY KEY (`id`);

--
-- Indexes for table `tbl_employee`
--
ALTER TABLE `tbl_employee`
  ADD PRIMARY KEY (`id`);

--
-- Indexes for table `tbl_log`
--
ALTER TABLE `tbl_log`
  ADD PRIMARY KEY (`id`);

--
-- Indexes for table `tbl_motorcycle`
--
ALTER TABLE `tbl_motorcycle`
  ADD PRIMARY KEY (`id`);

--
-- Indexes for table `tbl_motorcycle_color`
--
ALTER TABLE `tbl_motorcycle_color`
  ADD PRIMARY KEY (`id`);

--
-- Indexes for table `tbl_order`
--
ALTER TABLE `tbl_order`
  ADD PRIMARY KEY (`id`);

--
-- Indexes for table `tbl_zone`
--
ALTER TABLE `tbl_zone`
  ADD PRIMARY KEY (`id`);

--
-- AUTO_INCREMENT for dumped tables
--

--
-- AUTO_INCREMENT for table `tbl_accept`
--
ALTER TABLE `tbl_accept`
  MODIFY `accept_id` int(11) NOT NULL AUTO_INCREMENT, AUTO_INCREMENT=23;

--
-- AUTO_INCREMENT for table `tbl_branch`
--
ALTER TABLE `tbl_branch`
  MODIFY `id` int(11) NOT NULL AUTO_INCREMENT, AUTO_INCREMENT=40;

--
-- AUTO_INCREMENT for table `tbl_employee`
--
ALTER TABLE `tbl_employee`
  MODIFY `id` int(11) NOT NULL AUTO_INCREMENT, AUTO_INCREMENT=12;

--
-- AUTO_INCREMENT for table `tbl_log`
--
ALTER TABLE `tbl_log`
  MODIFY `id` int(11) NOT NULL AUTO_INCREMENT, AUTO_INCREMENT=148;

--
-- AUTO_INCREMENT for table `tbl_motorcycle`
--
ALTER TABLE `tbl_motorcycle`
  MODIFY `id` int(11) NOT NULL AUTO_INCREMENT, AUTO_INCREMENT=45;

--
-- AUTO_INCREMENT for table `tbl_motorcycle_color`
--
ALTER TABLE `tbl_motorcycle_color`
  MODIFY `id` int(11) NOT NULL AUTO_INCREMENT, AUTO_INCREMENT=241;

--
-- AUTO_INCREMENT for table `tbl_order`
--
ALTER TABLE `tbl_order`
  MODIFY `id` int(11) NOT NULL AUTO_INCREMENT, AUTO_INCREMENT=38;

--
-- AUTO_INCREMENT for table `tbl_zone`
--
ALTER TABLE `tbl_zone`
  MODIFY `id` int(11) NOT NULL AUTO_INCREMENT, AUTO_INCREMENT=17;
COMMIT;

/*!40101 SET CHARACTER_SET_CLIENT=@OLD_CHARACTER_SET_CLIENT */;
/*!40101 SET CHARACTER_SET_RESULTS=@OLD_CHARACTER_SET_RESULTS */;
/*!40101 SET COLLATION_CONNECTION=@OLD_COLLATION_CONNECTION */;
